image_id,image_path,original_filename,source_folder,plant_id,plant,disease_id,disease,image_label,status,review_note
IMG001,images/tomato/tomato_early_blight_01.jpg,Tomato_Early_Blight_01.jfif,Tomato,PL001,Tomato,DS001,Early Blight,"Tomato leaves showing dark, target-patterned early blight spots",available,
IMG002,images/tomato/tomato_early_blight_02.jpg,Tomato_Early_Blight_02.jfif,Tomato,PL001,Tomato,DS001,Early Blight,"Tomato leaves showing dark, target-patterned early blight spots",available,
IMG003,images/tomato/tomato_late_blight_01.jpg,Tomato_Late_Blight_01.jfif,Tomato,PL001,Tomato,DS002,Late Blight,Tomato leaves with large dark late blight lesions and white mould underneath,available,
IMG004,images/tomato/tomato_late_blight_02.jpg,Tomato_Late_Blight_02.jfif,Tomato,PL001,Tomato,DS002,Late Blight,Tomato leaves with large dark late blight lesions and white mould underneath,available,
IMG005,images/tomato/tomato_yellow_leaf_curl_virus_01.jpg,Tomato_Yellow_Leaf_Curl_Virus_01.jfif,Tomato,PL001,Tomato,DS003,Yellow Leaf Curl Virus,"Tomato plant with upward-curled, yellowed leaves typical of leaf curl virus",available,
IMG006,images/tomato/tomato_yellow_leaf_curl_virus_02.jpg,Tomato_Yellow_Leaf_Curl_Virus_02.jfif,Tomato,PL001,Tomato,DS003,Yellow Leaf Curl Virus,"Tomato plant with upward-curled, yellowed leaves typical of leaf curl virus",available,
IMG007,images/tomato/tomato_septoria_leaf_spot_01.jpg,Tomato_Septoria_Leaf_Spot_01.jfif,Tomato,PL001,Tomato,DS004,Septoria Leaf Spot,Tomato leaves dotted with small grey-centred septoria spots,available,
IMG008,images/tomato/tomato_septoria_leaf_spot_02.jpg,Tomato_Septoria_Leaf_Spot_02.jfif,Tomato,PL001,Tomato,DS004,Septoria Leaf Spot,Tomato leaves dotted with small grey-centred septoria spots,available,
IMG009,images/tomato/tomato_bacterial_spot_01.jpg,Tomato_Bacterial_Spot_01.jfif,Tomato,PL001,Tomato,DS005,Bacterial Spot,Tomato leaf and fruit with small dark bacterial spot lesions,available,
IMG010,images/tomato/tomato_bacterial_spot_02.jpg,Tomato_Bacterial_Spot_02.jfif,Tomato,PL001,Tomato,DS005,Bacterial Spot,Tomato leaf and fruit with small dark bacterial spot lesions,available,
IMG011,images/tomato/tomato_bacterial_spot_03.jpg,Tomato_Bacterial_Spot_03.jfif,Tomato,PL001,Tomato,DS005,Bacterial Spot,Tomato leaf and fruit with small dark bacterial spot lesions,available,
IMG012,images/tomato/tomato_healthy_01.jpg,Healthy_Tomato.jfif,Tomato,PL001,Tomato,DS051,Healthy (No Disease Detected),Healthy tomato reference photo,available,
IMG013,images/potato/potato_early_blight_01.jpg,Potato_Early_Blight_01.jfif,Potato,PL002,Potato,DS006,Early Blight,Potato leaves with target-patterned early blight spots,available,
IMG014,images/potato/potato_early_blight_02.jpg,Potato_Early_Blight_02.jfif,Potato,PL002,Potato,DS006,Early Blight,Potato leaves with target-patterned early blight spots,available,
IMG015,images/potato/potato_late_blight_01.jpg,Potato_Late_Blight_01.jfif,Potato,PL002,Potato,DS007,Late Blight,Potato foliage collapsed by late blight with dark lesions,available,
IMG016,images/potato/potato_late_blight_02.jpg,Potato_Late_Blight_02.jfif,Potato,PL002,Potato,DS007,Late Blight,Potato foliage collapsed by late blight with dark lesions,available,
IMG017,images/potato/potato_blackleg_01.jpg,Potato_Blackleg_01.jpg,Potato,PL002,Potato,DS008,Blackleg,Potato stem base showing black slimy blackleg rot,available,
IMG018,images/potato/potato_blackleg_02.jpg,Potato_Blackleg_02.jpg,Potato,PL002,Potato,DS008,Blackleg,Potato stem base showing black slimy blackleg rot,available,
IMG019,images/potato/potato_blackleg_03.jpg,Potato_Blackleg_03.jpg,Potato,PL002,Potato,DS008,Blackleg,Potato stem base showing black slimy blackleg rot,available,
IMG020,images/potato/potato_potato_virus_y_01.jpg,Potato_Virus_Y_01.jpg,Potato,PL002,Potato,DS009,Potato Virus Y (PVY),Potato leaves with mosaic mottling and crinkling caused by PVY,available,
IMG021,images/potato/potato_potato_virus_y_02.jpg,Potato_Virus_Y_02.jfif,Potato,PL002,Potato,DS009,Potato Virus Y (PVY),Potato leaves with mosaic mottling and crinkling caused by PVY,available,
IMG022,images/potato/potato_healthy_01.jpg,Healthy_Potato.jfif,Potato,PL002,Potato,DS052,Healthy (No Disease Detected),Healthy potato reference photo,available,
IMG023,images/maize/maize_northern_corn_leaf_blight_01.jpg,Maize_Northern_Corn_Leaf_Blight_01.jfif,Maize,PL003,Maize,DS010,Northern Corn Leaf Blight,Maize leaf with long cigar-shaped northern leaf blight lesions,available,
IMG024,images/maize/maize_northern_corn_leaf_blight_02.jpg,Maize_Northern_Corn_Leaf_Blight_02.jpg,Maize,PL003,Maize,DS010,Northern Corn Leaf Blight,Maize leaf with long cigar-shaped northern leaf blight lesions,available,
IMG025,images/maize/maize_common_rust_01.jpg,Maize_Common_Rust_01.jfif,Maize,PL003,Maize,DS011,Common Rust,Maize leaf covered with reddish-brown common rust pustules,available,
IMG026,images/maize/maize_common_rust_02.jpg,Maize_Common_Rust_02.jfif,Maize,PL003,Maize,DS011,Common Rust,Maize leaf covered with reddish-brown common rust pustules,available,
IMG027,images/maize/maize_gray_leaf_spot_01.jpg,Maize_Gray_leaf_spot_01.jfif,Maize,PL003,Maize,DS012,Gray Leaf Spot,Maize leaf with rectangular gray leaf spot lesions between veins,available,
IMG028,images/maize/maize_gray_leaf_spot_02.jpg,Maize_Gray_leaf_spot_02.jfif,Maize,PL003,Maize,DS012,Gray Leaf Spot,Maize leaf with rectangular gray leaf spot lesions between veins,available,
IMG029,images/maize/maize_healthy_01.jpg,Healthy_Maize.jpg,Maize,PL003,Maize,DS053,Healthy (No Disease Detected),Healthy maize reference photo,available,
IMG030,images/wheat/wheat_leaf_rust_01.png,Wheat_Brown_Rust_01.png,Wheat,PL004,Wheat,DS013,Leaf Rust (Brown Rust),Wheat leaf scattered with orange-brown leaf rust pustules,available,
IMG031,images/wheat/wheat_leaf_rust_02.png,Wheat_Brown_Rust_02.png,Wheat,PL004,Wheat,DS013,Leaf Rust (Brown Rust),Wheat leaf scattered with orange-brown leaf rust pustules,available,
IMG032,images/wheat/wheat_yellow_rust_01.png,Wheat_Yellow_Rust_01.png,Wheat,PL004,Wheat,DS014,Yellow Rust (Stripe Rust),Wheat leaf with yellow stripe rust pustules in lines along the veins,available,
IMG033,images/wheat/wheat_yellow_rust_02.png,Wheat_Yellow_Rust_02.png,Wheat,PL004,Wheat,DS014,Yellow Rust (Stripe Rust),Wheat leaf with yellow stripe rust pustules in lines along the veins,available,
IMG034,images/wheat/wheat_powdery_mildew_01.png,Wheat_Mildew_01.png,Wheat,PL004,Wheat,DS015,Powdery Mildew,Wheat leaves coated with white powdery mildew growth,needs_review,Sampled photo shows a wetter/standing-water setting atypical for wheat. Verify the crop in the photo.
IMG035,images/wheat/wheat_powdery_mildew_02.png,Wheat_Mildew_02.png,Wheat,PL004,Wheat,DS015,Powdery Mildew,Wheat leaves coated with white powdery mildew growth,available,
IMG036,images/wheat/wheat_powdery_mildew_03.png,Wheat_Mildew_03.png,Wheat,PL004,Wheat,DS015,Powdery Mildew,Wheat leaves coated with white powdery mildew growth,available,
IMG037,images/wheat/wheat_septoria_leaf_blotch_01.png,Wheat_Septoria_01.png,Wheat,PL004,Wheat,DS016,Septoria Leaf Blotch,Wheat leaf with tan septoria blotches and black fruiting dots,available,
IMG038,images/wheat/wheat_septoria_leaf_blotch_02.png,Wheat_Septoria_02.png,Wheat,PL004,Wheat,DS016,Septoria Leaf Blotch,Wheat leaf with tan septoria blotches and black fruiting dots,available,
IMG039,images/wheat/wheat_healthy_01.png,Healthy_Wheat.png,Wheat,PL004,Wheat,DS054,Healthy (No Disease Detected),Healthy wheat reference photo,available,
IMG040,images/rice/rice_bacterial_leaf_blight_01.jpg,Rice_Bacterial_Leaf_Blight_01.JPG,Rice,PL005,Rice,DS017,Bacterial Leaf Blight,Rice leaves with wavy yellow bacterial leaf blight lesions drying from the tips,available,
IMG041,images/rice/rice_bacterial_leaf_blight_02.jpg,Rice_Bacterial_Leaf_Blight_02.jpg,Rice,PL005,Rice,DS017,Bacterial Leaf Blight,Rice leaves with wavy yellow bacterial leaf blight lesions drying from the tips,available,
IMG042,images/rice/rice_brown_spot_01.jpg,Rice_Brown_Spot_01.jpg,Rice,PL005,Rice,DS018,Brown Spot,Rice leaf with oval brown spots and yellow haloes,available,
IMG043,images/rice/rice_brown_spot_02.jpg,Rice_Brown_Spot_02.jpg,Rice,PL005,Rice,DS018,Brown Spot,Rice leaf with oval brown spots and yellow haloes,available,
IMG044,images/rice/rice_leaf_smut_01.webp,Rice_leaf_Smut_01.webp,Rice,PL005,Rice,DS019,Leaf Smut,Rice leaf showing small dark angular leaf smut spots,available,
IMG045,images/rice/rice_leaf_smut_02.webp,Rice_leaf_Smut_02.webp,Rice,PL005,Rice,DS019,Leaf Smut,Rice leaf showing small dark angular leaf smut spots,available,
IMG046,images/rice/rice_rice_blast_01.jpg,Rice_Blast_01.jpg,Rice,PL005,Rice,DS020,Rice Blast,"Rice leaf with spindle-shaped blast spots (grey centres, brown borders)",available,
IMG047,images/rice/rice_sheath_blight_01.jpg,Rice_Sheath_Blight_01.jpg,Rice,PL005,Rice,DS021,Sheath Blight,Rice sheaths with grey greenish sheath blight lesions near the water line,available,
IMG048,images/rice/rice_sheath_blight_02.jpg,Rice_Sheath_Blight_02.jpg,Rice,PL005,Rice,DS021,Sheath Blight,Rice sheaths with grey greenish sheath blight lesions near the water line,available,
IMG049,images/rice/rice_sheath_blight_03.jpg,Rice_Sheath_Blight_03.jfif,Rice,PL005,Rice,DS021,Sheath Blight,Rice sheaths with grey greenish sheath blight lesions near the water line,available,
IMG050,images/rice/rice_healthy_01.jpg,Healthy_Rice.jfif,Rice,PL005,Rice,DS055,Healthy (No Disease Detected),Healthy rice reference photo,available,
IMG051,images/cotton/cotton_alternaria_leaf_spot_01.jpg,Cotton_Alternaria_Leaf_Spot_01.jpg,Cotton,PL006,Cotton,DS022,Alternaria Leaf Spot,Cotton leaf with brown Alternaria lesions and shot-hole centres,available,
IMG052,images/cotton/cotton_alternaria_leaf_spot_02.jpg,Cotton_Alternaria_Leaf_Spot_02.jpg,Cotton,PL006,Cotton,DS022,Alternaria Leaf Spot,Cotton leaf with brown Alternaria lesions and shot-hole centres,available,
IMG053,images/cotton/cotton_bacterial_blight_01.jpg,Cotton_Bacterial_Blight_01.jpg,Cotton,PL006,Cotton,DS023,Bacterial Blight (Angular Leaf Spot),Cotton leaf with dark angular bacterial blight spots between veins,available,
IMG054,images/cotton/cotton_bacterial_blight_02.jpg,Cotton_Bacterial_Blight_02.jpg,Cotton,PL006,Cotton,DS023,Bacterial Blight (Angular Leaf Spot),Cotton leaf with dark angular bacterial blight spots between veins,available,
IMG055,images/cotton/cotton_stemphylium_leaf_spot_01.jpg,Cotton_Stemphylium_Leaf_Spot_01.jpg,Cotton,PL006,Cotton,DS024,Stemphylium Leaf Spot,Cotton leaf with circular Stemphylium lesions and whitish shot-hole centres,available,
IMG056,images/cotton/cotton_stemphylium_leaf_spot_02.jpg,Cotton_Stemphylium_Leaf_Spot_02.jpg,Cotton,PL006,Cotton,DS024,Stemphylium Leaf Spot,Cotton leaf with circular Stemphylium lesions and whitish shot-hole centres,available,
IMG057,images/cotton/cotton_anthracnose_01.jpg,Cotton_Anthracnose.jpg,Cotton,PL006,Cotton,DS025,Anthracnose of Cotton,Cotton leaves and bolls with dark anthracnose lesions,available,
IMG058,images/cotton/cotton_ascochyta_blight_01.jpg,Cotton_Ascochyta Blight_01.jpg,Cotton,PL006,Cotton,DS026,Ascochyta Blight (Wet Weather Blight),Cotton leaf with light-brown circular Ascochyta blight lesions,available,
IMG059,images/cotton/cotton_ascochyta_blight_02.jpg,Cotton_Ascochyta Blight_02.jpg,Cotton,PL006,Cotton,DS026,Ascochyta Blight (Wet Weather Blight),Cotton leaf with light-brown circular Ascochyta blight lesions,available,
IMG060,images/cotton/cotton_healthy_01.jpg,Healthy_Cotton.jfif,Cotton,PL006,Cotton,DS056,Healthy (No Disease Detected),Healthy cotton reference photo,available,
IMG061,images/chili/chili_leaf_curl_virus_01.jpg,Chilli_Leaf_Curl_Virus_01.jpg,Chilli,PL007,Chili,DS027,Leaf Curl Virus,"Chili plant with curled, puckered leaves typical of leaf curl virus",available,
IMG062,images/chili/chili_leaf_curl_virus_02.jpg,Chilli_Leaf_Curl_Virus_02.jpg,Chilli,PL007,Chili,DS027,Leaf Curl Virus,"Chili plant with curled, puckered leaves typical of leaf curl virus",available,
IMG063,images/chili/chili_leaf_curl_virus_03.jpg,Chilli_Leaf_Curl_Virus_03.jpg,Chilli,PL007,Chili,DS027,Leaf Curl Virus,"Chili plant with curled, puckered leaves typical of leaf curl virus",available,
IMG064,images/chili/chili_anthracnose_fruit_rot_01.webp,Chilli_Anthracnose (Fruit Rot)_01.webp,Chilli,PL007,Chili,DS028,Anthracnose (Fruit Rot),Chili fruit with sunken anthracnose fruit-rot spots,needs_review,"Sampled photo shows water-damaged leaves rather than fruit-rot symptoms, and carries a Shutterstock watermark. Replace with a royalty-free photo of anthracnose fruit rot."
IMG065,images/chili/chili_powdery_mildew_01.jpg,Chilli_Powdery_Mildew_01.jpg,Chilli,PL007,Chili,DS029,Powdery Mildew,Chili leaves with white powdery coating on the undersides,available,
IMG066,images/chili/chili_powdery_mildew_02.jpg,Chilli_Powdery_Mildew_02.jpg,Chilli,PL007,Chili,DS029,Powdery Mildew,Chili leaves with white powdery coating on the undersides,available,
IMG067,images/chili/chili_healthy_01.jpg,Healthy_Chilli.jpg,Chilli,PL007,Chili,DS057,Healthy (No Disease Detected),Healthy chili reference photo,available,
IMG068,images/onion/onion_purple_blotch_01.jpg,Onion_Purple_Blotch_01.jpg,Onion,PL008,Onion,DS030,Purple Blotch,Onion leaves with purple-brown blotch lesions,available,
IMG069,images/onion/onion_purple_blotch_02.jpg,Onion_Purple_Blotch_02.jpg,Onion,PL008,Onion,DS030,Purple Blotch,Onion leaves with purple-brown blotch lesions,available,
IMG070,images/onion/onion_basal_rot_01.webp,Onion_Basal_Rot_01.webp,Onion,PL008,Onion,DS032,Basal Rot,Onion bulb base showing rot and pinkish fungal growth,needs_review,"Sampled photo shows garlic, not onion. Replace with a true onion basal-rot photo or relabel."
IMG071,images/onion/onion_basal_rot_02.jpg,Onion_Basal_Rot_02.jpg,Onion,PL008,Onion,DS032,Basal Rot,Onion bulb base showing rot and pinkish fungal growth,available,
IMG072,images/onion/onion_powdery_mildew_01.png,Onion_Powdery_Mildew_01.png,Onion,PL008,Onion,DS033,Powdery Mildew,Onion leaves with pale patches and powdery growth,available,
IMG073,images/onion/onion_powdery_mildew_02.jpg,Onion_Powdery_Mildew_02.jpg,Onion,PL008,Onion,DS033,Powdery Mildew,Onion leaves with pale patches and powdery growth,available,
IMG074,images/onion/onion_healthy_01.jpg,Healthy_Onion.jfif,Onion,PL008,Onion,DS058,Healthy (No Disease Detected),Healthy onion reference photo,available,
IMG075,images/mango/mango_anthracnose_01.jpg,Mango_Anthracnose_01.jpg,Mango,PL009,Mango,DS034,Anthracnose,Mango leaves/flowers with dark anthracnose spots,available,
IMG076,images/mango/mango_anthracnose_02.jpg,Mango_Anthracnose_02.jpg,Mango,PL009,Mango,DS034,Anthracnose,Mango leaves/flowers with dark anthracnose spots,available,
IMG077,images/mango/mango_anthracnose_03.jpg,Mango_Anthracnose_03.jpg,Mango,PL009,Mango,DS034,Anthracnose,Mango leaves/flowers with dark anthracnose spots,available,
IMG078,images/mango/mango_powdery_mildew_01.jpg,Mango_Powdery_Mildew_01.jpg,Mango,PL009,Mango,DS035,Powdery Mildew,Mango flower panicles covered with white powdery mildew,available,
IMG079,images/mango/mango_powdery_mildew_02.jpg,Mango_Powdery_Mildew_02.jpg,Mango,PL009,Mango,DS035,Powdery Mildew,Mango flower panicles covered with white powdery mildew,available,
IMG080,images/mango/mango_bacterial_canker_01.jpg,Mango_Bacterial_Canker_01.jpg,Mango,PL009,Mango,DS036,Bacterial Canker,Mango leaf/fruit with raised dark bacterial canker lesions,available,
IMG081,images/mango/mango_bacterial_canker_02.jpg,Mango_Bacterial_Canker_02.jpg,Mango,PL009,Mango,DS036,Bacterial Canker,Mango leaf/fruit with raised dark bacterial canker lesions,available,
IMG082,images/mango/mango_sooty_mold_01.jpg,Mango_Sooty_Mold_01.jpg,Mango,PL009,Mango,DS037,Sooty Mold,Mango leaves and branches covered with black sooty mold coating,available,
IMG083,images/mango/mango_sooty_mold_02.jpg,Mango_Sooty_Mold_02.jpg,Mango,PL009,Mango,DS037,Sooty Mold,Mango leaves and branches covered with black sooty mold coating,available,
IMG084,images/mango/mango_healthy_01.jpg,Healthy_Mango.jfif,Mango,PL009,Mango,DS059,Healthy (No Disease Detected),Healthy mango reference photo,available,
IMG085,images/citrus/citrus_citrus_canker_01.png,Citrus_Canker_01.png,Citrus,PL010,Citrus,DS038,Citrus Canker,Citrus leaf/fruit with raised corky canker lesions,available,
IMG086,images/citrus/citrus_citrus_canker_02.png,Citrus_Canker_02.png,Citrus,PL010,Citrus,DS038,Citrus Canker,Citrus leaf/fruit with raised corky canker lesions,available,
IMG087,images/citrus/citrus_citrus_canker_03.jpg,Citrus_Canker_03.jpg,Citrus,PL010,Citrus,DS038,Citrus Canker,Citrus leaf/fruit with raised corky canker lesions,available,
IMG088,images/citrus/citrus_citrus_greening_01.jpg,Citrus_Greening_01.jpg,Citrus,PL010,Citrus,DS039,Citrus Greening (HLB),Citrus leaves with asymmetric blotchy yellow mottling of greening,needs_review,Sampled photo shows normal green fruit with no clear HLB symptoms (blotchy leaf mottle). Verify or replace.
IMG089,images/citrus/citrus_citrus_greening_02.png,Citrus_Greening_02.png,Citrus,PL010,Citrus,DS039,Citrus Greening (HLB),Citrus leaves with asymmetric blotchy yellow mottling of greening,available,
IMG090,images/citrus/citrus_citrus_greening_03.png,Citrus_Greening_03.png,Citrus,PL010,Citrus,DS039,Citrus Greening (HLB),Citrus leaves with asymmetric blotchy yellow mottling of greening,available,
IMG091,images/citrus/citrus_melanose_01.jpg,Citrus_Melanose_01.jpg,Citrus,PL010,Citrus,DS040,Melanose,Citrus leaf/fruit with small raised brown melanose spots,available,
IMG092,images/citrus/citrus_melanose_02.jpg,Citrus_Melanose_02.jpg,Citrus,PL010,Citrus,DS040,Melanose,Citrus leaf/fruit with small raised brown melanose spots,available,
IMG093,images/citrus/citrus_citrus_scab_01.jpg,Citrus_Scab_01.jpg,Citrus,PL010,Citrus,DS041,Citrus Scab,Citrus leaves with rough wart-like scab growths,available,
IMG094,images/citrus/citrus_citrus_scab_02.jpg,Citrus_Scab_02.jpg,Citrus,PL010,Citrus,DS041,Citrus Scab,Citrus leaves with rough wart-like scab growths,available,
IMG095,images/citrus/citrus_black_spot_01.png,Citrus_Black_Spot_01.png,Citrus,PL010,Citrus,DS042,Black Spot,"Citrus fruit with circular black-spot lesions (grey centres, dark rims)",available,
IMG096,images/citrus/citrus_black_spot_02.jpg,Citrus_Black_Spot_02.jpg,Citrus,PL010,Citrus,DS042,Black Spot,"Citrus fruit with circular black-spot lesions (grey centres, dark rims)",available,
IMG097,images/citrus/citrus_black_spot_03.jpg,Citrus_Black_Spot_03.jpg,Citrus,PL010,Citrus,DS042,Black Spot,"Citrus fruit with circular black-spot lesions (grey centres, dark rims)",available,
IMG098,images/citrus/citrus_healthy_01.jpg,Healthy_Citrus.jfif,Citrus,PL010,Citrus,DS060,Healthy (No Disease Detected),Healthy citrus reference photo,available,
IMG099,images/guava/guava_algal_leaf_spot_01.jpg,Guava_Algal_Leaf_Spot_01.jpg,Guava,PL011,Guava,DS043,Algal Leaf Spot,Guava leaves with orange-rust algal tufts,available,
IMG100,images/guava/guava_algal_leaf_spot_02.jpg,Guava_Algal_Leaf_Spot_02.jpg,Guava,PL011,Guava,DS043,Algal Leaf Spot,Guava leaves with orange-rust algal tufts,available,
IMG101,images/guava/guava_algal_leaf_spot_03.jpg,Guava_Algal_Leaf_Spot_03.jpg,Guava,PL011,Guava,DS043,Algal Leaf Spot,Guava leaves with orange-rust algal tufts,available,
IMG102,images/guava/guava_anthracnose_01.jpg,Guava_Anthracnose_01.jpg,Guava,PL011,Guava,DS044,Anthracnose,Guava fruit with dark sunken anthracnose lesions,available,
IMG103,images/guava/guava_anthracnose_02.jpg,Guava_Anthracnose_02.jpg,Guava,PL011,Guava,DS044,Anthracnose,Guava fruit with dark sunken anthracnose lesions,available,
IMG104,images/guava/guava_fruit_scab_01.webp,Guava_Fruit_Scab_01.webp,Guava,PL011,Guava,DS045,Fruit Scab,Guava fruit with corky grey-brown scab patches,needs_review,"Sampled photo appears to be an anthracnose diagnostic collage (sunken lesions + Colletotrichum spores), not corky scab. Verify or replace."
IMG105,images/guava/guava_stylar_end_rot_01.webp,Guava_Styler_End_Root_01.webp,Guava,PL011,Guava,DS046,Stylar End Rot,Guava fruit rotting from the blossom (stylar) end,available,
IMG106,images/guava/guava_rust_01.jpg,Guava_Fungal_Rust_01.jpg,Guava,PL011,Guava,DS047,Rust (Puccinia psidii),Guava leaves/shoots with orange-red rust pustules,available,
IMG107,images/guava/guava_rust_02.jpg,Guava_Fungal_Rust_02.jpg,Guava,PL011,Guava,DS047,Rust (Puccinia psidii),Guava leaves/shoots with orange-red rust pustules,available,
IMG108,images/guava/guava_healthy_01.jpg,Healthy_Guava.jpg,Guava,PL011,Guava,DS061,Healthy (No Disease Detected),Healthy guava reference photo,available,
IMG109,images/chickpea/chickpea_ascochyta_blight_01.jpg,Chickpea_Ascochyta_Blight_01.jfif,Chickpea,PL012,Chickpea,DS048,Ascochyta Blight,Chickpea leaves/stems/pods with concentric ascochyta lesions,available,
IMG110,images/chickpea/chickpea_ascochyta_blight_02.png,Chickpea_Ascochyta_Blight_02.png,Chickpea,PL012,Chickpea,DS048,Ascochyta Blight,Chickpea leaves/stems/pods with concentric ascochyta lesions,available,
IMG111,images/chickpea/chickpea_ascochyta_blight_03.png,Chickpea_Ascochyta_Blight_03.png,Chickpea,PL012,Chickpea,DS048,Ascochyta Blight,Chickpea leaves/stems/pods with concentric ascochyta lesions,available,
IMG112,images/chickpea/chickpea_fusarium_wilt_01.jpg,Chickpea_Fusarium_Wilt_01.jfif,Chickpea,PL012,Chickpea,DS049,Fusarium Wilt,Chickpea plants wilted by fusarium wilt (browning inside stem),available,
IMG113,images/chickpea/chickpea_fusarium_wilt_02.jpg,Chickpea_Fusarium_Wilt_02.jfif,Chickpea,PL012,Chickpea,DS049,Fusarium Wilt,Chickpea plants wilted by fusarium wilt (browning inside stem),available,
IMG114,images/chickpea/chickpea_botrytis_grey_mold_01.jpg,Chickpea_Botrytis_Grey_Mold_01.jpg,Chickpea,PL012,Chickpea,DS050,Botrytis Grey Mold,Chickpea stems and pods with grey fuzzy botrytis mold,available,
IMG115,images/chickpea/chickpea_botrytis_grey_mold_02.jpg,Chickpea_Botrytis_Grey_Mold_02.jpg,Chickpea,PL012,Chickpea,DS050,Botrytis Grey Mold,Chickpea stems and pods with grey fuzzy botrytis mold,available,
IMG116,images/chickpea/chickpea_healthy_01.jpg,Healthy_Chickpea.jfif,Chickpea,PL012,Chickpea,DS062,Healthy (No Disease Detected),Healthy chickpea reference photo,available,
